9,11988,11987,9664,10129,10007,11983,12223,11973,13504,11982
28,9960,11936,10129,11998,12022,12223,12236,11208,10007,12138
47,13001,12236,13505,10061,11879,11986,11984,9987,9718,11982
70,13833,13876,13830,13831,13879,13877,13885,13836,13878,13882
83,12236,10061,12243,9763,13503,13505,11936,11988,10721,10583
84,9987,11891,12236,10583,12243,10275,9664,11988,10502,11204
89,9987,13509,9860,11938,9763,12429,13505,12999,18913,12225
93,12236,11204,10583,9664,11208,10721,11938,12225,11988,11201
103,12286,10209,12225,9763,10102,18912,15459,12236,10275,13505
119,9637,10129,11879,11204,10578,10007,9718,11988,9763,10315
134,13876,13879,13831,13838,13835,13883,13878,13836,13875,13882
159,14974,14972,14965,14964,14970,14971,14969,14968,14963,14967
172,11938,12236,11988,9763,11208,12138,9718,11204,9664,13505
185,13825,13826,13883,13822,13827,13836,13876,13830,13879,13838
231,11973,11982,11938,13504,12243,11987,12223,11199,13505,12138
237,13877,13835,13883,13885,13875,13882,13884,13874,13834,13880
239,12286,9763,13505,10102,12291,10583,12244,11936,9585,11982
246,13827,13833,13831,13830,13838,13876,13875,13884,13874,13880
247,12236,12225,9637,12283,12291,13504,12243,12256,10129,12993
252,10656,18914,13503,10209,9987,10129,9763,9738,12236,11204
253,12236,12225,9637,12283,12291,13504,12243,12256,10129,12993
270,13835,13882,13877,13829,13875,13883,13876,13874,13887,13885
284,13833,13830,13880,13887,13878,13839,13838,13874,13832,13886
285,9637,9763,12225,9664,13505,10654,12224,11204,11998,12860
305,12236,13505,12243,10275,9860,11988,11201,9738,11982,9763
306,14939,14930,14929,14932,14937,14928,14934,14923,14922,14926
356,13838,13830,13839,13879,13835,13883,13833,13878,13875,13887
365,13504,13503,12223,12225,10007,9664,12994,13505,12224,9763
369,13885,13832,13838,13840,13874,13879,13834,13883,13835,13877
370,13505,12243,10061,12236,12111,9987,10209,11982,10129,9763
374,10209,10129,9763,11204,11936,12225,11988,12236,11879,11891
399,15069,15068,15067,15064,15066,15080,15073,15076,15070,15075
455,11204,11201,9664,11936,11938,11988,12236,9763,10721,11208
462,12224,13504,10129,12236,10654,12243,9637,10007,11879,9718
467,10102,12223,11988,12225,9763,12224,12236,11196,11201,11936
483,13885,13882,13877,13839,13836,13879,13886,13830,13840,13832
486,13504,13508,10129,9664,11988,12223,13505,9763,10007,11881
503,12223,13504,9718,12993,13503,11998,12138,13505,12111,13514
506,11204,10262,10583,10129,10049,11208,10502,11938,11879,11992
522,14968,14964,14970,14973,14966,14969,14971,14974,14972,14977
523,11938,9664,12225,12236,11988,13503,12224,12223,13505,9718
524,13879,13886,13838,13839,13834,13836,13885,13875,13882,13883
526,14970,14972,14966,14969,14973,14964,14962,14965,14963,14971
527,9987,12243,9860,11204,12999,13504,12225,13509,13505,10102
528,13876,13839,13880,13878,13879,13877,13884,13887,13875,13882
530,12225,11988,12236,9860,11982,10061,12111,11987,12243,11936
541,13876,13885,13838,13874,13877,13836,13878,13832,13840,13830
562,13875,13833,13831,13834,13879,13838,13876,13840,13837,13884
590,10061,12236,10129,10721,10656,12223,10315,9664,10583,11204
593,12236,12225,9637,12283,12291,13504,12243,12256,10129,12993
600,9987,11205,11988,9718,9763,10583,11201,12236,11982,11879
602,10007,15459,9860,12286,18914,12873,9763,13503,12225,9585
616,14965,14963,14967,14974,14972,14971,14970,14969,14968,14973
625,11208,11988,11936,11201,11938,9664,11205,11199,9763,12199
629,12223,13504,9718,12993,13503,11998,12138,13505,12111,13514
676,14971,14965,14974,14972,14973,14966,14963,14967,14964,14970
694,14970,14972,14974,14962,14971,14969,14973,14965,14967,14963
737,12236,12243,12225,11987,11988,10123,9718,11881,11201,11936
759,11988,12224,11936,12993,13504,9637,12223,11204,10315,9664
797,11988,11936,11938,10721,12236,9637,9718,12224,11206,12223
840,13839,13877,13879,13838,13835,13878,13840,13874,13836,13886
842,12223,13504,9718,12993,13503,11998,12138,13505,12111,13514
897,14968,14971,14964,14972,14970,14967,14966,14973,14974,14975
912,12243,12241,12225,9987,13504,9718,9860,11879,11891,15459
944,18914,18921,18932,18928,18913,18919,18924,18916,18930,18931
954,14833,14835,14831,14838,14836,14840,14844,14842,14837,
981,13509,9987,9738,9966,9718,15254,12236,11938,11201,16719
986,11879,11938,12223,13504,9637,12224,11204,10708,11988,10315
1011,15459,12223,13505,12225,9718,9664,11879,11956,11936,10010
1012,14967,14969,14970,14968,14973,14972,14974,14965,14976,14964
1027,12236,12138,11988,12223,10049,11982,11936,10502,12241,10129
1075,11208,11936,11206,11938,11207,10129,10007,10578,9763,11196
1089,12236,12225,9637,12283,12291,13504,12243,12256,10129,12993
1092,13879,13877,13838,13882,13836,13839,13887,13837,13878,13885
1136,9763,10656,15459,10007,13503,9585,9664,12286,10061,11936
1165,13875,13879,13877,13836,13876,13840,13874,13883,13882,13837
1172,11938,11206,10007,10102,10129,11199,9987,11195,9763,11149
1185,14930,14928,14929,14933,14932,14937,14939,14926,14927,14942
1216,10654,11879,12236,12224,13504,12223,11938,11988,9763,9664
1238,12223,12224,11988,11999,12433,12022,10129,11986,13503,12002
1251,13875,13838,13879,13839,13880,13884,13836,13883,13886,13837
1253,16247,16248,16246,16245,16249,16250,16243,16251,16254,16252
1260,11938,16725,11936,11204,11205,9763,12236,11198,9968,10748
1280,13879,13875,13835,13836,13874,13877,13878,13886,13840,13838
1284,15073,15077,15072,15068,15066,15070,15075,15076,15074,15078
1334,14972,14974,14971,14970,14968,14966,14967,14976,14969,14973
1343,14974,14972,14971,14970,14973,14976,14964,14977,14975,14955
1356,12105,12106,11971,11951,11965,11944,11952,11949,11946,11963
1360,13879,13887,13880,13874,13878,13876,13882,13877,13886,13885
1387,13839,13875,13880,13833,13834,13838,13877,13876,13874,13879
1401,14973,14974,14972,14975,14970,14976,14957,14955,14962,14965
1403,13876,13879,13875,13839,13880,13874,13836,13838,13878,13877
1414,14971,14973,14975,14969,14977,14976,14963,14972,14957,14974
1416,12223,12224,11988,11999,12433,12022,10129,11986,13503,12002
1441,13839,13877,13880,13885,13879,13887,13833,13836,13882,13874
1446,11987,12223,11988,11982,11891,11998,11973,9637,10583,10129
1461,14971,14967,14972,14970,14974,14969,14973,14975,14976,14968
1480,12105,12106,11968,11969,11971,11965,11946,11961,11951,11963
1486,13839,13876,13880,13879,13877,13882,13840,13887,13875,13886
1487,11938,10587,11936,10721,9664,9860,10583,10129,11988,10495
1494,15073,15075,15072,15071,15074,15081,15077,15070,15069,15076
1506,13887,14920,14919,13886,14918,14921,13883,14936,14928,13884
1513,13876,13882,13880,13875,13877,13878,13883,13874,13885,13879
1520,13839,13832,13876,13874,13834,13877,13838,13836,13833,13837
1541,12286,10007,12244,12225,13504,13505,10209,18912,11204,9860
1562,10708,11879,12223,12224,9747,9664,9637,11204,9763,10502
1567,13882,13877,13874,13878,13887,13880,13879,13875,13886,13883
1569,13879,13877,13836,13876,13885,13880,13839,13835,13875,13840
1582,13839,13876,13880,13835,13875,13879,13836,13840,13874,13878
1594,11969,12105,11971,11946,11949,12106,11965,11963,11955,11944
1605,13877,13879,13874,13836,13875,13876,13886,13835,13887,13885
1641,14972,14969,14973,14968,14971,14966,14967,14970,14974,14975
1647,13879,13883,13874,13875,13882,13880,13839,13877,13876,13887
1654,14971,14973,14976,14972,14977,14975,14974,14957,14955,14958
1663,9763,11208,11987,12236,11956,11988,10129,12862,15459,12286
1679,14971,14976,14973,14974,14955,14969,14977,14966,14975,14968
1693,13878,13826,13833,13887,13832,13834,13879,13877,13876,13829
1708,14832,12862,12502,13842,16455,16421,16451,15459,15955,12469
1729,13879,13887,13880,13874,13878,13876,13882,13877,13886,13885
1734,12692,15828,11327,11371,11345,12698,15768,12694,12696,11104
1737,13882,13877,13874,13878,13887,13880,13879,13875,13886,13883
1768,11988,11938,10625,10049,10209,12433,11987,12236,9763,11208
1780,18930,18931,18924,18933,18925,18926,18928,18923,18921,18920
1794,13879,13836,13874,13838,13839,13882,13885,13875,13840,13883
1814,12236,13504,11208,9718,11936,11998,9860,11063,12242,9763
1854,13876,13835,13840,13874,13836,13878,13880,13877,13879,13875
1862,12236,10209,10102,11205,11208,10123,13505,11982,11201,11988
1868,12223,11992,11999,9860,11936,11986,12000,13503,9763,10007
1872,13876,13879,13874,13878,13837,13882,13880,13836,13877,13839
1892,18928,18920,18924,18919,18930,18932,18926,18931,18933,18929
1899,14974,14976,14975,14977,14965,14970,14959,14971,14968,14957
1939,11988,10129,12138,9763,10587,11208,11936,11879,12223,10502
1947,13839,13876,13880,13879,13877,13882,13840,13887,13875,13886
1966,14971,14974,14970,14969,14972,14977,14975,14976,14973,14955
1977,10007,15459,9860,12286,18914,12873,9763,13503,12225,9585
1982,13833,13839,13876,13877,13875,13885,13878,13836,13882,13874
1986,13835,13876,13877,13879,13880,13882,13838,13875,13839,13837
1988,15077,15073,15076,15069,15067,15072,15070,15071,15068,15075
1990,9718,9664,11982,9987,10301,11204,9860,11956,12225,12244
1996,11208,10502,12236,11204,12224,13505,11988,11938,11879,12222
1999,18912,9763,10209,10007,12225,12236,9664,10583,12286,12528
2011,13879,13877,13880,13886,13883,13833,13839,13885,13878,13838
2016,13505,9664,13503,9637,9763,10656,11936,11204,9960,11998
2028,14971,14976,14973,14974,14955,14969,14977,14966,14975,14968
2059,14967,14973,14974,14972,14975,14968,14971,14977,14970,14969
2068,12243,18912,10656,10007,9738,11938,13505,11204,12236,9763
2069,13886,13884,13880,13882,13883,13885,13887,14918,13827,13826
2079,9664,12225,18916,18917,12993,13504,,,,
2080,14972,14970,14973,14965,14975,14977,14974,14976,14964,14968
2112,13875,13879,13877,13836,13876,13840,13874,13883,13882,13837
2119,13880,13839,13875,13840,13876,13886,13885,13884,13877,13882
2125,11988,12236,12223,10502,12225,9718,9664,11891,9860,11936
2129,13504,13503,9960,12224,11956,12223,12994,15459,12860,9860
2144,13835,13877,13839,13875,13836,13874,13882,13879,13876,13878
2168,11208,11988,11936,11201,11938,9664,11205,11199,9763,12199
2172,16246,16245,16247,16255,16244,16249,16248,16250,16258,16257
2204,11988,12225,9763,10502,11936,10129,11208,12067,13504,12241
2222,11208,11988,12236,11936,11938,11205,9763,11201,10721,12138
2224,11988,11938,12236,10049,9664,9718,13504,11879,11956,9860
2247,14972,14970,14974,14967,14971,14973,14976,14969,14968,14975
2263,14972,14973,14974,14975,14966,14970,14955,14962,14956,14976
2266,13879,13874,13877,13839,13840,13876,13878,13882,13838,13886
2271,11938,11208,10721,9664,11891,9637,9673,11486,11204,10463
2272,14934,14936,14935,14939,14941,14938,14946,14937,14947,14942
2306,13829,13878,13877,13879,13827,13826,13832,13880,,
2309,11988,12138,11206,10315,11205,10007,12242,11201,10578,12243
2322,11204,11205,9673,9664,10654,12199,11486,10502,10508,11206
2323,10708,11938,12224,12860,11204,13504,10504,9664,10007,9637
2326,18914,18933,18924,18915,12225,18917,18913,9664,10010,9763
2334,12236,10010,9987,9673,12111,13503,11982,9664,10061,11080
2398,11204,10262,10583,10129,10049,11208,10502,11938,11879,11992
2414,13880,13875,13879,13877,13874,13876,13886,13883,13885,13840
2428,16251,16252,16249,16250,16247,16248,16255,16253,16257,16258
2438,12106,12105,11971,11949,11946,11951,11957,11944,11952,11963
2441,9987,10007,12204,10502,12236,10010,10656,11201,12202,12199
2457,13838,13875,13836,13876,13874,13877,13839,13885,13887,13884
2472,14976,14971,14973,14974,14972,14977,14969,14955,14975,14967
2530,13838,13874,13836,13839,13840,13879,13880,13875,13877,13883
2538,11951,11957,11963,11955,11969,11952,11961,11948,11950,11944
2544,12244,10721,11938,10007,9664,10587,13503,10502,16725,9718
2545,12236,12225,9987,9860,10583,11882,11998,11988,11936,11973
2548,12236,10209,10061,9664,11982,11882,10007,12243,9987,13505
2581,14931,14932,14929,14933,14930,14934,14938,14935,14939,14941
2595,12236,12225,10654,9637,9664,13504,9987,12243,12223,9763
2609,14967,14970,14969,14971,14973,14974,14975,14972,14968,14976
2624,13874,13839,13880,13878,13875,13879,13876,13838,13837,13877
2636,11988,12236,9763,11982,9664,11998,12069,10129,11201,9860
2741,13877,13885,13878,13882,13838,13840,13874,13879,13880,13875
2754,12236,13505,9860,11879,11936,12111,11891,9960,9664,9763
2757,14974,14972,14975,14977,14976,14955,14973,14957,14969,14958
2784,13874,13839,13876,13882,13835,13836,13878,13880,13886,13840
2822,14972,14974,14973,14971,14970,14975,14976,14977,14955,14959
2834,13503,13052,13505,11204,9987,9763,12993,10521,10460,11881
2857,13877,13880,13885,13878,13886,13882,13876,13879,13884,13874
2889,14934,14935,14937,14946,14938,14936,14941,14939,14942,14943
2927,13879,13887,13880,13874,13878,13876,13882,13877,13886,13885
2928,18914,18913,18924,18933,10129,18915,9763,18917,13505,9664
2975,14971,14973,14972,14974,14975,14977,14976,14955,14959,14958
2976,15374,12662,13052,15363,15361,,,,,
2984,14967,14970,14972,14969,14973,14971,14975,14976,14968,14974
3033,12243,13505,12286,12244,10061,12241,9763,12999,12237,9664
3040,11988,11987,11999,11986,9860,10129,11998,12022,12000,9664
3051,16233,14828,,,,,,,,
3054,12106,11951,11963,11957,11952,11944,11946,11956,11955,11971
3055,11205,11207,11208,9664,11206,9763,11195,10049,9987,11201
3060,13839,13880,13877,13878,13875,13840,13879,13882,13874,13884
3092,12243,11201,10275,10209,10583,9664,11204,10578,12225,11205
3103,11988,10654,10578,11891,9747,10721,11890,11205,11208,9889
3109,16244,16246,16248,16252,16253,16247,16255,16249,16251,16245
3114,13887,14919,14923,14920,14921,14918,14927,14931,14926,14936
3134,14972,14974,14968,14973,14969,14971,14976,14970,14977,14975
3155,12224,12993,10654,13504,9637,10504,12236,12225,10313,11988
3171,14976,14975,14969,14977,14959,14971,14965,14967,14970,14972
3215,16251,16250,16256,16248,16249,16253,16258,16255,16252,16254
3250,10583,12111,9966,11982,9860,11204,10715,9763,9987,12236
3259,12224,11201,11198,9763,12286,10007,9664,11975,9960,10129
3266,9718,9664,11982,9987,10301,11204,9860,11956,12225,12244
3297,12223,11986,11988,10708,11879,13504,11936,9763,11982,10654
3302,10625,10502,10656,11936,9718,16725,12067,11999,10049,11208
3311,12243,11982,12111,11882,10061,9860,12225,9966,11201,9987
3347,12236,13504,11208,9718,11936,11998,9860,11063,12242,9763
3428,11204,12236,11936,11938,11201,12111,10502,10583,12999,11988
3475,13876,13839,13880,13878,13879,13877,13884,13887,13875,13882
3535,9960,11936,10129,11998,12022,12223,12236,11208,10007,12138
3542,18928,18932,18930,18929,18917,13505,9763,18931,18919,18916
3574,12236,11204,10209,9763,10102,10010,10583,10502,11201,11486
3590,13882,13885,13877,13886,13887,13883,13878,13880,13879,13884
3617,12243,12256,11988,12283,13504,12224,11204,12242,12236,12237
3671,11998,12022,11936,13503,11981,11982,11983,11980,10209,9987
3706,11204,12242,10583,11208,11938,10721,9747,9637,11879,10654
3713,13882,13886,13887,13883,13879,13878,13881,13885,13880,13884
3724,10654,10508,12224,11879,9637,10502,11204,9747,12223,9987
3736,13833,13839,13876,13877,13875,13885,13878,13836,13882,13874
3746,13877,13878,13884,13882,13880,13886,13879,13887,13885,13883
3748,10654,11938,12224,10578,12223,10502,11204,11205,10010,12225
3770,14972,14976,14955,14974,14973,14968,14957,14975,14958,14969
3784,13874,13875,13877,13880,13878,13876,13882,13885,13879,13887
3788,14971,14968,14972,14967,14975,14974,14969,14976,14973,14977
3805,13877,13880,13882,13875,13879,13878,13874,13876,13840,13885
3822,14970,14969,14957,14973,14962,14959,14966,14964,14968,14960
3832,11988,11936,11938,10721,12236,9637,9718,12224,11206,12223
3836,13879,13882,13878,13880,13877,13883,13884,13887,13886,13885
3888,14968,14970,14976,14973,14974,14969,14971,14975,14972,14977
3891,14929,14930,14927,14934,14933,14932,14935,14931,14937,14928
3926,14934,14935,14937,14946,14938,14936,14941,14939,14942,14943
3942,11938,11988,11973,9662,12243,11937,12473,11201,11205,10654
3977,15069,15070,15068,15076,15075,15074,15081,15077,15073,
3996,14974,14971,14973,14972,14976,14970,14955,14959,14975,14958
4014,13885,13879,13877,13876,13878,13882,13880,13884,13887,13883
4053,18933,18928,18932,18925,18931,18929,18930,18926,18921,18915
4107,13877,13883,13887,13882,13885,13878,13884,13879,13880,14926
4129,13877,13878,13884,13882,13880,13886,13879,13887,13885,13883
4138,13882,13880,13878,13875,13877,13884,13876,13885,13879,13887
4151,13879,13874,13877,13839,13840,13876,13878,13882,13838,13886
4159,11988,11936,11938,12236,9763,10301,9664,13504,9673,12993
4160,13883,13879,13880,13886,13885,13878,13884,13882,13887,13881
4175,14976,14975,14971,14977,14972,14967,14955,14957,14969,14958
4187,12236,11201,11196,10583,10112,,,,,
4200,11982,11973,11936,12223,10659,10049,13511,11956,11988,11992
4250,11206,11201,11938,11936,9664,11198,10049,9763,11205,10583
4266,10209,12225,13001,9664,10654,11938,11982,10721,10061,10007
4325,13885,13879,13877,13876,13878,13882,13880,13884,13887,13883
4345,12999,15909,10587,10129,13052,10721,9763,10732,9664,12858
4414,11938,10129,11988,12223,11201,10007,9664,13504,10587,9718
4420,10502,9718,11987,12243,15828,11988,11201,9637,10721,9376
4440,,,,,,,,,,
4448,13505,10721,12286,9860,9585,9960,11982,13503,10114,13504
4462,13877,13880,13882,13875,13879,13878,13874,13876,13840,13885
4464,12242,12286,11988,11879,9987,12243,12225,12244,12256,12290
4481,13835,13838,13875,13840,13879,13876,13878,13877,13839,13885
4486,13885,14918,13883,13887,13880,13882,13884,13886,13881,14926
4502,14977,14957,14960,14965,14959,14975,14968,14961,14958,14970
4510,14973,14975,14977,14970,14974,14971,14965,14976,14968,14966
4512,11204,10708,9718,9763,9664,10313,10502,9747,10654,12242
4562,12199,12226,12167,12200,12118,12222,10129,12117,12224,12134
4563,14833,14834,14832,14835,14842,14836,14838,14837,14841,14844
4578,14973,14976,14977,14975,14974,14955,14971,14965,14957,14958
4619,13877,13883,13887,13882,13885,13878,13884,13879,13880,14926
4624,9987,12236,12111,9860,9763,10654,11982,13505,11204,
4626,14937,14941,14942,14944,14946,14938,14943,,,
4666,16252,16248,16251,16247,16253,16249,16254,16256,16245,16246
4668,16527,16528,16532,16529,16531,16534,16530,16538,16536,
4674,11206,9968,11380,12474,11374,10252,10535,10562,,
4704,13880,13875,13879,13877,13874,13876,13886,13883,13885,13840
4730,16253,16257,16260,16258,16255,16254,16259,16256,16252,16267
4742,13880,13881,13884,13885,13886,13883,14926,13882,13887,13819
4767,14972,14970,14973,14974,14971,14976,14975,14955,14968,14977
4771,13505,12225,11973,11956,9718,12111,10399,12022,10007,13508
4783,12286,9763,13505,10102,12291,10583,12244,11936,9585,11982
4788,12243,9664,10129,12225,11201,10102,12997,18924,11988,13505
4800,14918,13887,13886,14921,14936,14920,14926,14923,14931,14919
4875,9637,12993,10007,10209,12860,10654,10049,11998,10129,9442
4897,14930,14933,14929,14937,14932,14935,14939,14931,14934,14938
4913,18933,18924,18926,18928,18931,18925,18929,18930,18932,18919
4929,14972,14974,14973,14971,14970,14975,14976,14977,14955,14959
4935,14933,14931,14929,14937,14932,14938,14930,14939,14934,14935
4948,11983,11981,11979,11973,11988,11998,11982,11984,11986,11992
4961,13878,13886,13887,13880,13883,13884,13879,13885,13881,13882
4984,13878,13887,13884,13879,13883,13882,13886,13885,13880,13881
5035,12244,11208,11205,10502,10754,13511,13006,16725,10764,11196
5062,11983,11984,11992,11999,11981,12223,11986,11998,12002,
5076,18917,18933,18914,18915,18913,18924,12225,10102,13505,18918
5151,18912,,,,,,,,,
5190,14930,14933,14928,14932,14929,14934,14939,14935,14938,14931
5194,11327,11371,11345,11352,11104,11114,13111,11074,,
5212,12105,11952,11951,11955,11965,11963,11957,11969,11949,11946
5214,16517,16522,16525,16521,16519,16520,16524,16518,16527,
5227,13875,13885,13880,13877,13876,13879,13883,13882,13887,13874
5238,16517,16519,16515,16521,16523,16520,16522,16516,16518,16524
5242,16256,16251,16250,16249,16252,16255,16253,16257,16258,16254
5250,18933,18928,18930,18929,18931,18925,18926,10007,18932,10129
5259,12225,12236,13105,11890,12108,12117,12067,11063,10209,9662
5263,13886,13882,13884,14919,13881,13885,13887,13883,14926,14918
5283,11204,10583,9637,12242,11208,9718,10721,10463,11196,10654
5310,9960,9718,9860,10262,11204,11987,11988,10129,12433,11973
5317,13832,13835,13834,13838,13837,13836,13877,13882,13839,13833
5346,13880,13885,13883,13886,13884,14918,13887,13881,13882,13832
5366,13885,13880,13878,13875,13884,13879,13877,13882,13876,13883
5378,13885,13886,13887,13819,13882,14918,14926,13881,14921,13824
5379,13886,13883,13882,13885,13878,13887,13880,13879,13884,13881
5390,12226,12200,12236,12119,11938,12199,10129,12117,12223,12224
5443,11204,11108,10129,9952,9664,11201,9718,11879,10502,9637
5463,13875,13878,13876,13879,13877,13839,13874,13887,13840,13882
5488,11936,11204,11982,12225,10721,12236,11938,10102,11879,10129
5504,11956,11988,11987,11998,10007,10129,13504,11891,9879,10502
5510,13001,12236,13505,10061,11879,11986,11984,9987,9718,11982
5530,11973,11982,11938,13504,12243,11987,12223,11199,13505,12138
5537,16252,16255,16253,16254,16257,16256,16259,16258,16260,16267
5539,15005,15010,15006,15004,15008,15009,15014,15011,15012,15013
5546,13887,14918,14919,13886,14920,14933,14926,14921,14936,14931
5581,11988,11998,11986,10007,12236,11979,10209,13504,11984,10583
5582,13876,13877,13879,13875,13878,13887,13885,13882,13880,13884
5587,11208,11938,10007,9664,11207,10578,,,,
5605,14974,14972,14977,14973,14976,14969,14971,14975,14970,14957
5615,,,,,,,,,,
5638,14972,14974,14955,14975,14976,14973,14959,14958,14970,14967
5671,14974,14976,14975,14977,14965,14970,14959,14971,14968,14957
5689,13877,13880,13882,13879,13878,13883,13885,13887,13876,13884
5695,13885,13884,13879,13882,13880,13883,13886,13878,13887,13881
5700,13880,13883,13885,13886,13884,13881,13887,14918,14919,14926
5721,13886,13882,13884,13885,13881,13883,13887,14919,13827,13826
5732,13879,13874,13840,13876,13875,13877,13839,13838,13878,13881
5733,13880,13883,13885,13886,13884,13881,13887,14918,14919,14926
5740,14974,14971,14975,14972,14965,14976,14977,14957,14970,14955
5752,14938,14939,14941,14943,14946,14947,14942,14940,14944,14948
5771,12106,12105,11946,11951,11944,11952,11969,11968,11963,11949
5782,15005,15006,15012,15015,15007,15011,15008,15010,15013,
5789,12202,12119,12122,11938,12226,12138,12203,12118,,
5790,,,,,,,,,,
5796,13885,13883,13882,13887,14919,13886,13881,13884,13827,14918
5807,13880,13883,13885,13884,13886,14918,13881,13887,13882,14926
5814,11208,11201,11936,11938,9664,11879,11205,11206,11988,9718
5826,13874,13876,13878,13838,13875,13877,13839,13879,13882,13887
5835,14930,14929,14931,14932,14933,14939,14934,14928,14941,14938
5838,12225,13504,13503,9637,11998,9718,10654,12993,9960,9763
5842,14931,14932,14929,14933,14930,14934,14938,14935,14939,14941
5845,14973,14974,14975,14972,14955,14970,14958,14977,14959,14969
5848,11984,11987,11983,11986,11999,11988,11998,11992,12022,11979
5859,13851,13849,13857,13853,13859,13852,13854,13861,13856,13858
5873,13887,13878,13883,13879,13877,13885,13886,13882,13884,13880
5877,13880,13887,14919,13885,13883,13884,14918,13886,13882,13881
5890,11955,11971,11957,12106,11961,11963,12105,11951,11956,11968
5910,11879,11936,10061,9860,9960,9718,13504,11987,10583,10209
5938,13878,13879,13877,13884,13885,13880,13883,13887,13876,13886
5956,16518,16516,16519,16517,16520,16524,16521,16523,16527,16522
5976,13839,13877,13830,13835,13838,13879,13834,13885,13875,13880
6035,12236,12244,9861,11988,11998,,,,,
6050,13878,13886,13879,13887,13882,13885,13883,13880,13884,14919
6053,13879,13885,13886,13887,13883,13882,13881,13880,13884,14871
6072,15074,15076,15075,15081,15070,15080,15082,15083,15071,15077
6099,13883,13887,13886,14919,13885,14918,14920,14926,14925,13826
6112,16251,16252,16250,16254,16257,16256,16259,16262,16253,16255
6134,14974,14975,14972,14971,14957,14977,14970,14976,14955,14965
6153,13876,13838,13875,13840,13837,13839,13874,13877,13879,13878
6160,14974,14973,14968,14972,14976,14969,14977,14970,14971,14975
6172,16520,16521,16528,16524,16523,16526,16522,16527,16535,16525
6226,14970,14971,14977,14974,14973,14975,14972,14969,14976,14955
6247,13886,13879,13887,13880,13883,13882,13884,13885,13878,13881
6253,18914,18913,12225,10007,10061,18933,18924,12111,10656,18915
6286,18924,18933,18928,18931,18920,18930,18925,18923,18921,18932
6304,14930,14931,14932,14935,14934,14939,14941,14938,14942,14937
6330,13882,13886,13883,14919,13884,13881,13887,13885,14918,14925
6374,18931,18914,18919,18932,18930,18912,18925,18926,18915,18921
6396,13880,13876,13879,13884,13877,13882,13875,13885,13887,13878
6418,10502,9718,11987,12243,15828,11988,11201,9637,10721,9376
6422,13882,13880,13884,13886,13883,13887,13885,13881,13879,14919
6520,13886,14918,14920,14921,14919,13887,13883,14871,14926,13836
6524,11199,10656,10129,13503,13504,12223,11208,11936,12502,12067
6555,12993,9960,9763,10102,12286,9987,11988,12860,11973,10656
6564,14920,13887,14918,14921,13886,14919,14926,14934,14923,14928
6604,13505,12236,12243,12111,9763,9860,11998,9966,10061,10209
6674,15074,15076,15075,15081,15070,15080,15082,15083,15071,15077
6704,12236,12224,13504,12242,9637,12225,10654,9673,9664,10721
6708,13887,13878,13883,13879,13877,13885,13886,13882,13884,13880
6717,12242,12286,11988,11879,9987,12243,12225,12244,12256,12290
6747,14933,14931,14929,14937,14932,14938,14930,14939,14934,14935
6791,9718,11208,10583,11982,9714,11890,10315,11879,11988,10314
6797,13883,13886,13885,14919,13887,14918,14926,14920,13884,14925
6798,18933,18928,18932,18925,18931,18929,18930,18926,18921,18915
6821,13887,13878,13883,13879,13877,13885,13886,13882,13884,13880
6855,12243,9860,11988,9987,11201,12138,10583,9718,11882,12117
6861,18931,18928,18933,18926,18930,18919,9987,18932,9763,13511
6869,13883,13887,13886,13884,13885,13881,13882,14919,14918,13876
6881,13511,12224,9664,10007,11975,9960,11201,9860,10748,13006
6895,15085,15083,15090,15082,15088,15086,15084,15089,15087,15094
6903,13880,14918,13885,13883,13884,13886,13887,13882,13881,14926
6912,13886,13882,13884,13885,13881,13883,13887,14919,13827,13826
6917,13877,13836,13835,13874,13838,13879,13839,13837,13834,13876
6924,14840,14833,14834,14837,14841,14842,,,,
6948,11998,11999,10007,12000,10129,11984,12080,11992,12002,9860
6961,11969,12105,11971,11946,11949,12106,11965,11963,11955,11944
6983,13877,13839,13840,13876,13875,13880,13879,13874,13882,13837
6985,13882,13877,13883,13878,13884,13879,13885,13880,13887,13886
6994,13880,13881,13884,13885,13886,13883,14926,13882,13887,13819
7032,13882,13885,13886,13887,14919,13881,13884,13883,14918,14926
7034,11980,11983,11988,12778,11979,11982,11981,11987,10129,11984
7079,12069,11938,11891,11882,12167,12117,12108,9585,9664,12242
7087,13839,13874,13840,13879,13838,13875,13877,13876,13878,13884
7098,13883,13879,13880,13886,13885,13878,13884,13882,13887,13881
7115,12236,12225,13504,12993,11936,10502,10129,12243,12242,11879
7136,14836,14838,14840,14844,14833,,,,,
7142,14930,14929,14931,14932,14933,14939,14934,14928,14941,14938
7206,13880,13883,13885,13887,13884,13881,13882,14918,13886,13832
7247,11983,11982,11986,11972,11988,10692,11999,11992,,
7286,13879,13880,13877,13878,13876,13886,13883,13887,13885,13884
7290,12244,9664,10129,10007,11992,12000,13511,11204,11988,12224
7347,12225,12993,13504,10504,11988,10654,11936,10129,9637,10502
7353,18930,18933,18928,18932,18931,18919,18926,18920,18914,10275
7389,12225,13504,11998,9637,12243,13503,12222,10504,12993,9960
7419,12236,10010,9987,9673,12111,13503,11982,9664,10061,11080
7454,11938,12236,11988,9763,11208,12138,9718,11204,9664,13505
7466,15075,15076,15074,15080,15077,15078,15079,15082,15083,15086
7471,13880,13879,13877,13885,13876,13882,13883,13887,13884,13886
7479,13875,13874,13882,13877,13879,13876,13878,13887,13840,13885
7483,12236,12243,10007,9987,11982,10715,11882,9966,11885,13505
7506,13839,13879,13877,13878,13876,13881,13882,13874,13880,13883
7538,13887,14919,13885,13877,14926,13879,14921,13882,14923,13832
7572,12243,18913,12999,9860,10209,10102,11882,12069,10061,12241
7579,13880,13885,13883,13886,13884,14918,13887,13881,13882,13832
7590,13882,13879,13887,13874,13885,13886,13880,13876,13878,13877
7608,11938,11204,10049,11205,11936,10129,9763,12243,11988,12244
7616,18913,18917,11938,18929,13505,10007,,,,
7617,11988,11982,11979,11987,11998,11983,11981,11984,11973,11986
7619,13885,13883,13878,13882,13877,13886,13879,13876,13880,13884
7634,13504,12994,12224,10315,13503,10508,9673,10007,10313,10656
7668,14919,14920,14918,14926,14921,14929,13885,14928,14927,14871
7672,12236,12225,11982,10654,12243,9987,9763,9664,10010,12111
7695,13882,13885,13886,13884,14919,13887,13881,13883,14918,13879
7696,13886,13885,13819,14918,13840,13887,13832,14919,13827,13877
7706,14972,14974,14971,14976,14973,14968,14975,14977,14970,14955
7712,11988,11987,9664,10129,10007,11983,12223,11973,13504,11982
7716,12243,13504,9987,10209,11988,9718,12225,11208,12200,9860
7721,11204,11201,11205,11208,12167,11209,10007,10102,9987,9664
7767,11208,11206,11891,10459,9664,9662,12003,12117,12167,10049
7822,14977,14974,14975,14973,14965,14976,14966,14971,14968,14970
7830,18914,18917,18913,18915,18933,9763,18918,18919,11982,18924
7863,11204,12236,11936,11938,11201,12111,10502,10583,12999,11988
7878,15073,15074,15071,15072,15075,15080,15078,15077,15076,15082
7889,13879,13883,13877,13884,13878,13882,13887,13880,13886,13876
7895,13882,13885,13886,13887,14919,13881,13884,13883,14918,14926
7914,13875,13876,13878,13879,13877,13884,13883,13882,13881,13885
7944,13874,13876,13878,13838,13875,13877,13839,13879,13882,13887
7953,16521,16523,16520,16525,16526,16519,16522,16524,16529,16541
7954,13880,13885,13884,13886,13883,14918,13887,14919,13881,14921
7955,13880,13885,13884,13886,13883,14918,13887,14919,13881,14921
7997,11208,11936,11206,11938,11207,10129,10007,10578,9763,11196
8004,10508,11204,9637,10654,11936,10432,9673,10708,11938,10018
8008,13887,14919,13885,13880,13832,13877,14918,13882,14920,14926
8010,11988,11938,12243,10007,9662,10129,11206,11201,11199,9664
8048,11200,11197,11208,11201,10007,10102,9673,9860,11199,11206
8051,12108,12118,12109,12199,12122,12226,,,,
8054,13879,13883,13886,13887,13884,13885,13881,13880,13882,14918
8084,12241,12291,12290,12286,12243,12225,12242,12222,12240,12224
8102,13885,14919,13886,13883,13882,13884,13887,13881,14918,13878
8131,11891,11938,11936,9718,9860,9637,12138,11882,11890,10721
8138,10708,10504,10007,10682,11206,11988,11998,12860,9637,11879
8196,14930,14931,14933,14937,14934,14932,14942,14935,14941,14939
8217,16252,16253,16254,16257,16256,16267,16259,16258,16255,16260
8227,14971,14974,14970,14969,14972,14977,14975,14976,14973,14955
8238,14974,14975,14972,14971,14957,14977,14970,14976,14955,14965
8275,11984,11986,12225,10007,11988,11998,9860,13503,13504,12223
8282,13887,14919,14923,14920,14921,14918,14927,14931,14926,14936
8302,12571,10129,11204,10209,9763,9960,11936,10721,11891,12138
8309,13880,13879,13877,13885,13876,13882,13883,13887,13884,13886
8311,,,,,,,,,,
8338,13838,13830,13839,13879,13835,13883,13833,13878,13875,13887
8352,13878,13877,13885,13875,13880,13876,13879,13886,13882,13884
8353,13882,13887,13884,13881,14919,13885,13886,13883,14918,13878
8357,14919,14929,14928,14918,13882,14920,14921,13879,13883,14926
8369,13879,13880,13886,13881,13882,13883,13884,13887,13885,14919
8376,13505,12873,12528,9664,9585,11201,12243,12225,11938,10102
8379,13504,12224,12236,9718,9637,11973,11982,10129,9673,12241
8381,13880,13879,13882,13886,13883,13885,13881,13887,13884,14919
8400,17787,17789,17800,17780,17782,17808,17794,17801,17776,
8422,13885,13886,14926,14918,14919,13887,14920,14923,13882,13883
8450,13505,11891,9664,10129,12778,10301,9585,11987,11206,10209
8465,13883,13886,13887,14919,13885,14918,14926,14931,14920,13884
8472,13883,13877,13884,13876,13880,13879,13882,13878,13885,13886
8489,14973,14974,14975,14972,14955,14970,14958,14977,14959,14969
8526,14976,14975,14977,14973,14972,14955,14967,14959,14969,14957
8532,13839,13879,13877,13878,13876,13881,13882,13874,13880,13883
8533,13839,13879,13877,13878,13876,13881,13882,13874,13880,13883
8537,13839,13879,13877,13840,13876,13874,13882,13881,13838,13880
8567,,,,,,,,,,
8581,12433,12222,11998,11987,9763,9664,12000,12002,10129,10583
8586,10129,11936,13936,13934,13505,10007,9860,13511,12224,11956
8598,13883,13879,13880,13886,13885,13878,13884,13882,13887,13881
8607,13877,13882,13883,13886,13885,13887,13878,13879,13880,13884
8613,15026,15025,15030,15028,15014,15027,15029,15021,15004,15003
8618,14934,14936,14946,14942,14941,14939,14947,14937,14938,14943
8620,11982,12111,12225,11988,11201,10061,9987,11938,10721,10656
8631,12111,11988,12243,12225,12236,11882,9966,10715,18912,12998
8640,13879,13883,13884,13887,13886,13880,13885,13882,13881,14919
8655,18933,18932,18929,18930,18917,18916,9763,18931,18915,18913
8670,18931,18932,18933,18930,12993,18926,18914,18929,18918,9664
8684,,,,,,,,,,
8696,13877,13875,13878,13874,13882,13879,13880,13840,13876,13885
8709,13887,13886,13884,13885,14919,14926,14920,13883,14918,14923
8716,11204,10209,11938,12236,9664,10129,9987,11201,12225,10010
8784,10726,11988,10721,10365,10710,,,,,
8788,11560,11938,11486,15828,11371,11108,11104,9512,9376,10007
8818,10315,11205,10583,9673,10209,10578,9763,10010,9987,9747
8825,18912,18924,9738,9763,10102,18914,15254,9664,11988,10583
8837,13880,13883,13885,13884,13886,14918,13881,13887,13882,14926
8842,13508,13507,10129,12224,12223,11938,13505,12225,10007,10209
8844,13839,13879,13877,13878,13876,13881,13882,13874,13880,13883
8859,12243,12138,9860,9637,12253,12117,12225,10209,12242,11204
8891,14936,14937,14938,14941,14945,14947,14942,14946,14939,14943
8921,13879,13880,13886,13881,13882,13883,13884,13887,13885,14919
8928,12225,13504,11998,9637,12243,13503,12222,10504,12993,9960
8936,13884,13883,13886,13887,14918,14919,14925,13885,14926,14923
8944,14937,14941,14942,14944,14946,14938,14943,,,
8961,13880,13883,13885,13886,13884,13887,13832,13881,14919,14871
8971,11208,11891,11201,9637,10102,,,,,
8986,13880,13887,14919,13885,13883,13884,14918,13886,13882,13881
9005,13885,13884,13882,13883,13879,13887,13886,13881,13880,14924
9034,11205,11208,11204,10748,11202,11199,9763,10007,9664,11200
9061,11938,11204,10721,10129,10578,11201,11890,10440,12502,11881
9064,12224,11879,10654,10708,11998,10504,12223,12860,11988,10463
9131,18933,18931,18928,18914,18932,18925,18918,18912,18929,9763
9143,18913,18932,18698,11938,18925,10129,18929,12286,18919,18923
9145,18933,18924,18926,18928,18931,18925,18929,18930,18932,18919
9168,11987,11988,11982,11992,11981,11980,11938,11979,11984,11986
9172,16421,15459,16451,15955,16458,15939,16233,14828,16455,16439
9179,11938,11208,9763,11486,11206,12243,11988,9987,10102,11936
9182,10587,11936,10129,11938,10583,12225,10502,11204,11988,9879
9192,11206,12067,9664,10315,12108,12225,11201,10583,12236,12117
9206,13508,13505,13503,9763,12993,9860,11936,,,
9241,16247,16250,16252,16253,16249,16258,16246,16251,16256,
9298,12117,12118,12199,12222,10129,12135,11149,12200,12203,10007
9300,18933,18928,18931,18930,18925,18915,18916,11988,18913,18912
9333,18929,18930,18928,18932,18914,10129,18931,18921,18923,18919
9336,14974,14976,14972,14971,14970,14975,14957,14955,14969,14967
9346,14919,14929,14928,14918,13882,14920,14921,13879,13883,14926
9348,14918,13886,14921,13887,14920,14926,14934,14919,14923,13878
9360,13882,13883,13886,13887,13881,14918,13884,13885,14919,13819
9391,10656,9763,9585,12873,12225,9664,12528,13504,10583,9860
9392,13851,13853,13855,13862,13856,,,,,
9397,13885,14918,13883,13887,13880,13882,13884,13886,13881,14926
9445,18913,,,,,,,,,
9497,18933,18928,18930,18926,18929,18924,18932,18931,18917,10656
9534,12243,12236,11204,12241,9664,11936,9637,12117,10007,12224
9552,11988,10129,11998,10007,11982,12236,11936,9763,12225,12224
9554,13853,13854,13857,13862,13852,13858,13866,13856,13864,13869
9579,11984,12022,9718,12000,11999,,,,,
9581,14919,14920,14918,14926,14921,14929,13885,14928,14927,14871
9584,13504,13503,12223,12225,10007,9664,12994,13505,12224,9763
9599,14918,13887,13886,14921,14936,14920,14926,14923,14931,14919
9606,13879,13883,13877,13884,13878,13882,13887,13880,13886,13876
9609,13887,14920,14919,13886,14918,14921,13883,14936,14928,13884
9622,9763,10656,15459,10007,13503,9585,9664,12286,10061,11936
9623,12106,12105,11946,11951,11944,11952,11969,11968,11963,11949
9632,12691,15828,11104,11560,11548,11099,11327,10952,11938,11371
9638,11938,10583,12225,9987,12236,9664,10262,11988,10504,10587
9653,12106,11946,12105,11965,11969,11956,11949,11951,11950,11952
9656,14937,14938,14941,14936,14942,14947,14944,14946,14943,
9664,13836,13838,13839,13876,13837,13840,13875,13877,13874,13882
9676,11969,12106,11968,11957,11961,11987,11951,12105,11944,11946
9681,14919,14871,13877,13885,13827,13878,13829,14920,14926,14893
9692,13884,13883,13880,14918,13887,13882,13886,13885,14919,13881
9701,9763,11988,10502,10463,11938,12236,11891,11206,11204,10583
9753,13504,11988,9987,12225,11204,10010,10502,12224,12236,9861
9784,10007,12528,9987,12291,9763,10123,12290,9664,12224,10209
9815,13885,13886,14920,14918,14926,14919,13883,14924,,
9827,12691,13110,11327,12698,11560,15828,10968,10989,11548,15768
9830,14930,14932,14935,14939,14938,14941,14934,14942,14936,14931
9839,12243,18913,12999,9860,10209,10102,11882,12069,10061,12241
9848,13504,9960,9987,10007,11208,,,,,
9895,16251,16252,16253,16257,16258,16254,16255,16250,16249,16256
9910,18912,12286,9664,11988,18924,10102,10007,12236,12283,13001
9944,13505,10061,9987,12236,9664,11982,10010,11988,9763,13504
9956,13504,,,,,,,,,
9968,9960,11936,10129,11998,12022,12223,12236,11208,10007,12138
10040,13508,13513,12225,13505,11938,9664,13504,9763,12224,12236
10055,14918,14921,13886,14920,13887,14923,14926,14927,14919,14929
10068,14974,14968,14972,14970,14969,14976,14971,14973,14975,14977
10070,18933,18924,18929,18930,18931,18925,18928,18926,18932,10129
10080,13866,13872,13868,13864,13869,,,,,
10094,16256,16260,16258,16262,16264,,,,,
10098,18930,18928,18919,18932,18931,10275,10007,18924,18917,18913
10140,14974,14976,14972,14971,14970,14975,14957,14955,14969,14967
10148,14973,14975,14977,14974,14955,14968,14971,14967,14958,14969
10158,13879,13882,13878,13880,13887,13876,13875,13884,13874,13877
10163,9960,9664,11988,12993,10275,,,,,
10176,18933,18932,18930,18925,9987,18921,18924,18931,18915,18928
10196,13884,13886,13885,14918,14919,13887,14920,14926,13819,14925
10204,,,,,,,,,,
10224,12225,13504,12224,12236,11988,12243,10129,11891,9718,9637
10235,15459,12721,11938,12859,15112,15382,12505,12566,14054,
10241,13875,13874,13882,13877,13879,13876,13878,13887,13840,13885
10258,16525,16526,16531,16536,16529,16527,16530,16532,16528,16534
10318,11936,13504,10732,10129,12566,12022,11988,11956,10378,12466
10346,11938,11208,10102,9664,11204,11196,11206,10129,10625,9860
10360,16735,16738,16734,12566,17420,,,,,
10387,12223,11879,11204,10504,10708,10502,11987,11936,,
10423,14933,14932,14935,14938,14931,14941,14936,14942,14939,14934
10431,13839,13879,13877,13878,13876,13881,13882,13874,13880,13883
10469,12243,13505,13503,11988,10721,12236,11982,13504,11881,10010
10475,12106,11956,11968,11955,11969,11961,11949,11954,11938,11952
10526,11204,10502,10721,11936,10583,9763,12236,10129,9664,9637
10537,12105,11951,11946,11949,11944,11950,12106,11963,11968,11954
10563,11982,12111,13504,11588,11998,9883,10251,9966,12236,10715
10620,14972,14976,14974,14973,14955,14975,14957,14959,14977,14970
10621,9585,11982,13504,10127,12998,10399,12225,11998,11588,10715
10637,13880,13879,13883,13882,13885,13886,13884,13881,13887,14926
10646,13887,13885,13877,14926,13882,14923,14919,13878,13879,14918
10670,11938,11206,10129,11198,11352,9664,10007,10102,11202,11200
10683,13882,13883,13886,13887,13881,14918,13884,13885,14919,13819
10737,16254,16253,16252,16257,16256,16259,16258,16262,16265,16264
10744,,,,,,,,,,
10758,11998,11939,12000,11999,11982,12022,11992,11987,,
10761,12224,11201,11198,9763,12286,10007,9664,11975,9960,10129
10802,12225,10583,12236,11988,13504,11982,12223,12111,10209,12993
10862,13851,13854,13852,13858,13856,13857,13859,13862,13850,13861
10881,15072,15077,15075,15081,15076,15071,15073,15078,15080,15074
10891,13854,13856,13851,13857,13865,,,,,
10902,11988,10129,12138,9763,10587,11208,11936,11879,12223,10502
10928,14976,14959,14973,14969,14968,14958,14955,14965,14971,13842
10983,13884,13883,13880,14918,13887,13882,13886,13885,14919,13881
11023,11938,12111,11204,11936,9860,10061,11982,12225,10656,10721
11074,11208,10007,11205,9664,11938,11209,11195,11206,11076,11080
11123,,,,,,,,,,
11234,13507,10440,9979,16720,11955,9763,,,,
11247,13887,14919,14926,14923,13819,14871,14921,14924,13882,13885
11268,12225,11938,10583,12236,10654,12241,9718,9664,12138,11205
11278,13887,14919,14920,13885,14923,14926,13819,14928,14925,13878
11286,13882,13885,13886,13887,14919,13881,13884,13883,14918,14926
11292,10315,,,,,,,,,
11301,11988,12243,12225,11879,9987,12286,10007,9960,11987,9861
11318,13885,13883,13878,13882,13877,13886,13879,13876,13880,13884
11357,11938,12243,9585,12993,12224,12236,13505,,,
11359,10656,9664,10007,11982,11956,9718,10010,13504,11936,12225
11363,13883,13878,14920,14919,14918,13886,13827,13882,13877,13821
11387,9763,14054,10732,10007,11938,9664,11956,12469,13842,16233
11399,11208,10007,11196,11203,11195,9763,9664,11199,10129,12243
11406,10194,11531,10196,10193,10441,10195,9869,10199,,
11412,10315,,,,,,,,,
11419,13887,13886,14918,14920,14919,14921,13883,14929,13819,14927
11423,11938,12243,13505,12286,11936,11982,11204,10102,12236,9664
11426,16253,16262,16259,16255,16257,16258,16256,16254,16265,16266
11437,18933,,,,,,,,,
11447,12243,11982,12111,11882,10061,9860,12225,9966,11201,9987
11463,18931,18933,18928,18929,18916,,,,,
11473,14977,14972,14957,14955,14961,14967,14969,14974,14965,14960
11479,11988,11998,11986,10007,12236,11979,10209,13504,11984,10583
11522,13886,13882,13884,13885,13881,13883,13887,14919,13827,13826
11526,13882,13884,13881,13886,13887,13883,13885,14936,13819,14918
11543,14932,14934,14933,14936,14942,14939,14941,14938,14937,14935
11554,13880,13877,13882,13875,13876,13878,13887,13874,13885,13879
11556,14973,14975,14971,14977,14965,14974,14955,14957,14970,14962
11560,11963,11952,11946,11951,11961,11944,11969,11968,,
11570,13885,13882,13880,13883,13881,13887,14918,13884,13832,13886
11571,,,,,,,,,,
11580,9987,12236,12111,9860,9763,10654,11982,13505,11204,
11583,10061,11882,9966,12111,11938,12225,11936,12236,11988,10715
11613,11987,11988,12862,11201,12236,10502,9637,11208,9987,10583
11625,14975,14977,14973,14971,14969,14958,14967,14968,14970,14976
11631,11998,13504,12225,9664,9987,11986,12223,10654,9747,10127
11689,16520,16521,16528,16524,16523,16526,16522,16527,16535,16525
11692,13839,13879,13876,13875,13878,13840,13874,13838,13880,13877
11709,13883,13887,13886,14919,13885,14918,14920,14926,14925,13826
11717,11882,11208,11205,9860,9673,11938,9718,9664,11486,11936
11751,18933,18931,18914,18932,18921,9987,18925,18912,13505,18698
11780,12433,10007,10129,9664,10209,9763,11936,10137,10633,9671
11816,16249,16248,16250,16253,16251,16247,16255,16252,16254,16257
11852,13883,13886,13885,14919,13887,14918,14926,14920,13884,14925
11857,13886,13884,14919,13885,14918,14926,14920,13887,13819,14925
11891,9987,12225,9960,13505,10129,12243,13503,15459,11204,13508
11907,12433,11998,9860,9664,10129,12000,,,,
11917,13504,12224,12993,9747,9637,12225,10007,9664,11988,11879
11948,11208,12937,10730,9763,11988,11201,10010,12117,9888,11938
11967,13885,14918,13886,13887,14926,14921,14920,13840,13882,14919
11974,13886,14918,14921,14920,14926,13887,14923,14927,14919,14928
12005,14919,14918,13819,13878,14923,14920,13877,14924,13882,14929
12011,11988,12138,11206,10315,11205,10007,12242,11201,10578,12243
12025,13879,13887,13883,13882,13880,13881,13886,13884,13885,13819
12041,13886,13883,13885,14919,13884,13887,14918,14920,13826,14926
12077,13886,13882,13884,14919,13881,13885,13887,13883,14926,14918
12083,9637,9664,11998,12225,10313,9763,10129,10508,11206,10102
12123,13884,13879,13886,13882,13880,13885,13887,13881,13883,14919
12125,14932,14934,14937,14939,14941,14942,14935,14938,14936,14933
12132,13504,13505,11998,12236,12243,12223,9664,9960,10656,12225
12151,13504,11998,12993,11999,12022,12224,12236,10129,13514,13503
12195,18924,18914,18921,12225,10102,,,,,
12203,15955,9585,9664,18914,10656,12225,12873,9851,10583,12286
12217,13879,13880,13884,13881,13887,13886,13885,13883,13882,13819
12218,11108,11376,15830,11560,12603,9512,9376,11371,15832,15833
12224,12213,11548,10007,10726,11988,10721,10262,11199,10471,11987
12241,15016,15014,15030,15022,15024,,,,,
12244,12236,9823,11938,12291,10129,12138,,,,
12259,13504,11998,12993,11999,12022,12224,12236,10129,13514,13503
12275,14937,14936,14941,14946,14944,,,,,
12295,14918,13887,13886,14921,14936,14920,14926,14923,14931,14919
12301,14933,14936,14942,14935,14939,14938,14937,14934,14946,14941
12324,13883,14919,13885,13886,13887,13884,14925,14920,14926,14921
12332,16253,16254,16262,16258,16266,16260,16255,16256,16267,16259
12346,11204,11199,11201,11207,11938,11208,11891,11173,9851,11209
12354,11208,11988,11936,11201,11938,9664,11205,11199,9763,12199
12367,10129,12236,10209,10102,10007,11204,12117,10315,10010,12138
12375,12433,11998,9860,9664,10129,12000,,,,
12387,11998,11936,10129,11982,11981,10007,11983,12225,12022,10102
12401,11984,11998,11999,11992,13503,,,,,
12405,10180,9853,9750,9846,9852,9847,10116,10406,9849,9757
12414,16253,16254,16262,16258,16266,16260,16255,16256,16267,16259
12437,11988,11936,12236,12138,11879,9718,12225,12243,12241,10583
12438,14939,14947,14938,14943,14941,14944,14942,14950,14946,14945
12449,11938,10502,9763,9987,11208,11201,12236,10721,10578,11196
12459,12236,12225,9637,12283,12291,13504,12243,12256,10129,12993
12462,9664,12225,18916,18917,12993,13504,,,,
12469,15909,9860,11999,10625,9664,,,,,
12473,11352,11108,11938,11149,9718,11201,10583,11104,11885,9952
12481,11987,11986,11998,9987,11904,12286,11988,12225,11999,
12493,11938,9664,11936,9718,9780,11198,11988,10129,11204,9738
12496,,,,,,,,,,
12502,9664,13505,12860,13503,9860,12224,10654,12225,9960,11936
12510,14918,13885,13886,13887,14926,13884,14919,14923,14931,14925
12531,13886,13883,13880,13885,13887,13882,13884,14918,13881,13824
12534,13886,13880,13884,13882,13887,13885,13883,14919,14918,13881
12551,12225,12236,11938,10129,9664,11982,11201,11063,9738,10127
12572,10578,12225,9987,10625,11982,12236,12138,12993,13504,9860
12576,13839,13879,13877,13878,13876,13881,13882,13874,13880,13883
12587,,,,,,,,,,
12604,11206,11209,11207,11208,11201,11205,11196,9763,9664,9873
12618,15086,15085,15092,15088,15090,15089,15093,15080,15087,15094
12625,12243,12236,12241,12286,11988,12242,13504,12244,12256,11204
12633,11938,12138,11208,9879,10659,10010,12223,11204,11201,9860
12643,14974,14975,14972,14970,14976,14968,14963,14971,14965,14957
12657,14918,14921,13887,14920,14919,14926,13886,14923,14934,14927
12667,13882,13886,13883,14919,13884,13881,13887,13885,14918,14925
12683,13883,14919,13885,13886,13887,13884,14925,14920,14926,14921
12687,11204,10708,9718,9763,9664,10313,10502,9747,10654,12242
12710,13885,13886,14926,13882,14920,13887,14921,14919,14918,13819
12736,14918,13884,13885,14926,13886,14925,13887,14919,14931,14928
12755,14977,14972,14957,14955,14961,14967,14969,14974,14965,14960
12758,14974,14976,14972,14971,14975,14968,14965,14977,14957,14955
12769,14918,14921,13887,14920,14919,14926,13886,14923,14934,14927
12775,11149,11486,11352,11938,,,,,,
12791,14976,14977,14971,14972,14955,14975,14970,14969,14958,14959
12797,10129,11204,10315,10452,11208,10708,11879,9987,10399,12243
12803,10583,9637,9718,11208,11201,11108,12236,9664,,
12805,14975,14977,14973,14971,14969,14958,14967,14968,14970,14976
12845,16250,16251,16257,16249,16252,16258,16253,16248,16256,16254
12853,13883,13885,13887,13884,13886,14919,14918,14925,14920,14926
12873,,,,,,,,,,
12884,11201,9763,9673,10129,10007,9987,11204,9879,10209,9718
12886,11988,12236,10129,12225,9763,9585,12241,11881,,
12889,13885,13886,14918,13887,13882,14926,14921,14919,13881,13840
12910,14918,13886,13887,14920,14919,14926,14921,14931,14923,13881
12919,12201,12203,12226,10502,12228,,,,,
12990,13883,13879,13880,13886,13885,13878,13884,13882,13887,13881
13036,11988,9763,9637,11936,10502,9861,9987,11879,9823,9718
13049,18929,18930,18928,18932,18914,10129,18931,18921,18923,18919
13066,13885,13886,13887,13882,13819,14918,14919,14926,13881,13824
13069,13885,13886,13887,13882,13819,14918,14919,14926,13881,13824
13118,12226,12202,12201,11938,11207,12199,12236,12200,11204,12228
13142,13882,13884,13881,13886,13887,13883,13885,14936,13819,14918
13150,18933,18932,18920,18915,18930,18931,18698,18918,18919,18914
13151,11938,9376,11108,9664,11099,11201,11063,11560,11204,9643
13183,13885,13886,13887,13819,13882,14918,14926,13881,14921,13824
13245,14918,13886,13887,14920,14919,14926,14921,14931,14923,13881
13284,14919,13883,13885,14920,14929,13819,14928,14926,13824,14925
13328,13887,13819,13885,13882,13880,14919,14933,14926,14925,13824
13368,13839,13874,13876,13840,13877,13875,13882,13878,13879,13883
13388,11938,11879,11988,9987,9664,10010,9673,12138,10583,9861
13403,13886,13885,14926,14919,14918,13887,13882,13883,14925,13840
13431,17675,17681,17680,17677,17688,17676,17682,10007,,
13441,13887,14918,13886,14920,14926,14921,13827,13823,14927,14929
13481,12225,11988,11982,9637,9718,11208,11891,9376,11881,
13484,14919,13883,13885,14920,14929,13819,14928,14926,13824,14925
13491,14930,14931,14932,14935,14934,14939,14941,14938,14942,14937
13505,13885,14918,13886,13887,14926,14921,14920,13840,13882,14919
13534,12106,11946,12105,11965,11969,11956,11949,11951,11950,11952
13545,14918,13887,13886,14921,14936,14920,14926,14923,14931,14919
13557,12243,9987,12999,11201,9860,10007,11988,11879,9664,12225
13571,13886,13882,13884,13885,13881,13883,13887,14919,13827,13826
13610,11988,11938,12243,10007,9662,10129,11206,11201,11199,9664
13612,14935,14937,14938,14941,14939,14946,14947,14944,14943,14936
13627,13887,13885,14926,13877,14919,14923,13880,14921,13879,13882
13648,13886,13885,13887,14919,14918,14926,14921,13882,13883,14923
13668,13886,13885,13887,14918,14919,14926,13883,14925,14920,14923
13670,11969,11968,12106,11971,11957,11970,11963,11955,11952,
13674,10625,10502,10656,11936,9718,16725,12067,11999,10049,11208
13679,10315,,,,,,,,,
13707,13879,13887,13883,13882,13880,13881,13886,13884,13885,13819
13735,11938,11204,9664,10049,10583,11208,11201,11198,11891,11207
13737,18912,9763,10209,10007,12225,12236,9664,10583,12286,12528
13746,18912,10656,9763,13509,12223,12286,9664,9718,10007,9738
13754,,,,,,,,,,
13756,12243,9718,13504,12223,9763,12225,11204,11992,11208,12224
13762,11998,11999,10007,12000,10129,11984,12080,11992,12002,9860
13781,14947,14952,14953,14931,14920,14948,14949,14883,14951,14876
13784,17787,17789,17800,17780,17782,17808,17794,17801,17776,
13791,14930,14932,14931,14938,14941,14942,14933,14934,14935,14939
13798,14974,14971,14975,14972,14965,14976,14977,14957,14970,14955
13825,12225,12236,10129,9718,9860,,,,,
13826,14976,14975,14973,14977,14957,14965,14958,14967,14959,14960
13855,11938,9718,11208,9637,11063,10129,11205,11201,10102,11204
13869,15080,15086,15081,15078,15089,15079,15087,15090,,
13899,18913,18914,18918,18933,18917,9987,,,,
13907,18928,18933,18925,18932,18930,18931,18926,18929,18921,18923
13913,18928,18933,18924,18932,18930,18925,18931,18926,18923,18914
13923,15077,15076,15080,15087,15086,15082,15078,15088,15079,15089
13927,11938,12993,11204,9664,13417,11879,10049,10659,9987,10209
13950,18931,18914,18919,18932,18930,18912,18925,18926,18915,18921
13974,14977,14959,14955,14972,14967,14965,14975,14963,14958,14957
13978,13851,13853,13857,13871,13865,13855,13862,13860,13852,13856
13986,16254,16255,16257,16260,16258,16262,16259,16265,16256,16267
14002,11936,11204,11982,12225,10721,12236,11938,10102,11879,10129
14030,17825,17809,17787,17772,17789,17805,17786,17810,17800,17782
14037,18933,18928,18931,18924,18925,18920,18921,18930,18918,18919
14075,10174,9750,10116,9848,9846,10097,9752,9847,10406,9757
14113,12225,12138,10365,11988,9960,11881,12223,9718,9879,9664
14127,10129,12222,9718,12242,11205,11204,11988,10471,12236,
14135,12994,13504,10315,12225,12236,9637,10313,9763,11936,10656
14149,,,,,,,,,,
14172,14941,14944,14945,14940,14948,,,,,
14179,11981,11983,10007,11972,10692,11973,10044,11980,11204,9718
14186,9718,12236,10583,11201,11938,10587,11204,9637,10010,11988
14199,15459,13504,9718,9763,10656,9860,11979,9664,10123,
14201,11998,12243,12111,10007,11986,11882,10209,11984,11204,9960
14212,11998,12022,11936,13503,11981,11982,11983,11980,10209,9987
14214,11208,9718,10102,9987,10502,12236,9637,10007,11201,11196
14241,15072,15077,15081,15078,15073,15079,15071,15076,,
14264,12873,13505,10129,9763,12243,10010,11879,10656,11938,9664
14286,12243,12236,12241,12286,11988,12242,13504,12244,12256,11204
14287,9718,12236,11938,12223,12138,11973,10587,10049,9860,11988
14289,10708,11938,12224,12860,11204,13504,10504,9664,10007,9637
14305,12225,12243,12993,12224,10654,10061,11597,11973,12067,
14333,13853,13865,13858,13855,13864,13854,13857,13868,13862,
14338,12236,10061,12243,9763,13503,13505,11936,11988,10721,10583
14350,13505,12236,12243,12111,9763,9860,11998,9966,10061,10209
14397,9718,12223,9860,12242,11998,9763,11936,12243,11891,10314
14418,12225,13504,12224,12236,11988,12243,10129,11891,9718,9637
14425,10656,9664,13503,9718,13504,10521,11973,11988,12241,9763
14447,11982,12111,12225,11988,11201,10061,9987,11938,10721,10656
14465,11983,11980,10129,11938,12223,,,,,
14467,,,,,,,,,,
14499,10007,11972,10692,11973,10044,,,,,
14523,13887,14919,14926,13885,14923,14918,13877,13880,14921,14947
14552,13887,13885,13886,13819,14918,14919,13884,14926,14923,13878
14553,13882,13886,13881,13884,14919,13887,13885,14918,13883,13819
14555,18931,18932,18933,18698,18921,18915,18924,11938,10129,18912
14564,11885,,,,,,,,,
14571,12993,9960,9763,10102,12286,9987,11988,12860,11973,10656
14578,13886,14918,14920,14921,14923,14926,14931,14919,14936,13887
14593,15086,15082,15084,15088,15081,15089,15085,15094,15087,15092
14619,14918,14920,13886,14926,14934,14921,13887,14931,14919,14933
14633,13505,11204,12236,9664,9714,12286,9860,12108,11879,10583
14661,16525,16523,16527,16529,16526,16533,16541,16530,16524,16528
14674,16259,16258,16260,16270,16267,,,,,
14675,16521,16522,16523,16525,16527,16526,16528,16529,16533,16524
14719,13879,13885,13882,13887,13883,13880,13886,13884,13878,13881
14749,13887,14919,13885,14921,13819,14920,13832,13879,14923,13882
14777,12223,12224,12225,12433,12067,12236,9664,11998,12022,12241
14808,,,,,,,,,,
14814,14974,14975,14972,14970,14976,14968,14963,14971,14965,14957
14823,,,,,,,,,,
14837,13885,13886,13887,14926,14920,14918,13883,14921,14923,14925
14839,13879,13874,13840,13876,13875,13877,13839,13838,13878,13881
14847,13878,13877,14919,13874,14871,13829,14925,13819,13823,13886
14860,13882,13886,13884,13885,13887,14923,13881,14918,,
14865,13887,14918,13886,14920,14926,14921,13827,13823,14927,14929
14888,11891,9637,10583,9718,9860,9987,11206,12138,11988,12117
14898,16832,16830,16849,16840,16835,,,,,
14914,13887,14919,14920,13885,14923,14926,13819,14928,14925,13878
14921,13505,10721,12286,9860,9585,9960,11982,13503,10114,13504
14934,18933,18928,18931,18932,18930,9987,18924,18929,18923,18698
14963,18930,18932,18933,18915,18921,18929,18916,18928,18926,18914
14964,18930,18933,18926,18929,18928,10129,18932,18924,18917,18931
14994,13887,13819,14926,14919,13832,13882,13878,13885,14920,13824
15010,,,,,,,,,,
15046,13887,14919,13885,14921,13819,14920,13832,13879,14923,13882
15049,12236,12225,9637,12283,12291,13504,12243,12256,10129,12993
15066,11345,11327,11371,13111,11074,,,,,
15070,11204,10708,9718,9763,9664,10313,10502,9747,10654,12242
15111,15081,15079,15077,15086,15087,15082,15080,15083,,
15136,13886,13885,13887,14919,14918,14926,14921,13882,13883,14923
15160,13887,13886,14918,14920,14919,14921,13883,14929,13819,14927
15176,11938,11906,11882,11890,11883,12138,11894,10129,11201,9664
15191,11204,11936,11196,11938,9718,12138,10502,10471,11201,10262
15198,,,,,,,,,,
15204,9987,12236,12111,9860,9763,10654,11982,13505,11204,
15215,9960,11998,12225,9718,13505,12111,13504,11936,12993,15459
15242,14919,14918,13819,13878,14923,14920,13877,14924,13882,14929
15244,13887,13829,14919,13885,14920,14923,13879,13830,14926,
15256,13884,13885,14918,13886,14926,14919,13819,14923,13887,14925
15272,14933,14941,14935,14939,14938,14937,14934,14944,14936,14943
15291,13831,13838,13885,13829,13836,13879,13840,13839,13834,13837
15306,11204,11205,11208,9664,10656,11207,10578,,,
15322,12225,10654,10721,11199,9718,11879,9637,11208,12236,11984
15336,14919,14918,14928,14923,13885,14929,14921,13819,13884,13823
15347,16251,16252,16253,16254,16258,16256,16255,16260,16257,16262
15376,11971,12106,11969,12105,11951,11965,11961,11959,11970,12241
15386,16250,16251,16252,16257,16255,16254,16258,16256,16265,16253
15397,16252,16251,16254,16258,16255,16253,16259,16256,16265,16267
15407,13887,14919,14921,14926,13879,14920,14923,13878,13880,13882
15410,10007,15459,9860,12286,18914,12873,9763,13503,12225,9585
15412,17416,12566,15459,16724,12772,16730,16737,12243,,
15441,13839,13840,13876,13875,13838,13874,13882,13884,13881,13887
15449,11988,12224,11936,12993,13504,9637,12223,11204,10315,9664
15463,11983,11981,11982,11979,11987,12778,13504,12993,11984,12223
15473,13885,13886,14918,13887,13882,14926,14921,14919,13881,13840
15504,12243,12236,11204,12241,9664,11936,9637,12117,10007,12224
15508,,,,,,,,,,
15525,,,,,,,,,,
15527,11988,11987,11982,12067,12236,11201,11986,9763,11891,12225
15580,12433,11998,11973,12222,12000,9392,11987,12993,11992,11999
15593,14294,14293,14287,14292,14296,14304,14295,14279,14289,
15629,,,,,,,,,,
15641,12117,11988,9637,11201,11208,12243,10502,12236,11072,11885
15656,15081,15086,15085,15089,15084,,,,,
15657,,,,,,,,,,
15671,,,,,,,,,,
15674,12224,12223,11936,9747,13504,10654,9243,11988,10504,12067
15681,11973,11982,11938,13504,12243,11987,12223,11199,13505,12138
15709,12223,10262,12253,13507,15969,10748,9664,10049,13503,
15736,11208,11938,9763,11205,9664,12197,11201,12244,11207,12200
15740,10129,11938,11982,11973,11988,9763,11983,12222,9664,12243
15790,13887,13885,13886,13819,14918,14919,13884,14926,14923,13878
15821,16253,16259,16262,16256,16254,16257,16260,16255,16265,16266
15835,13885,14926,13886,13887,14919,13826,14920,13882,13829,13819
15836,,,,,,,,,,
15850,13887,13885,13886,13819,14918,14919,13884,14926,14923,13878
15872,11208,10007,11205,9664,11938,11209,11195,11206,11076,11080
15875,13504,,,,,,,,,
15876,,,,,,,,,,
15904,13504,10129,11938,9807,12236,13505,12223,9763,12242,10315
15911,11938,9673,9763,11988,9637,9664,10209,12223,12993,10129
15913,11208,9987,10578,10209,11204,9718,10129,9673,10049,10007
15917,9860,11205,11208,10583,9637,11486,10502,10578,12236,11201
15924,10180,,,,,,,,,
15950,15085,15083,15090,15082,15088,15086,15084,15089,15087,15094
15996,12223,12224,11982,11984,11988,9637,10654,9987,12242,10129
15999,11938,10587,11936,10721,9664,9860,10583,10129,11988,10495
16039,13885,13886,14920,14918,14926,13882,13887,14919,14924,13877
16044,14936,14934,14933,14935,14937,14941,14939,14943,14942,14944
16075,12236,10209,10102,11205,11208,10123,13505,11982,11201,11988
16089,12236,12243,10007,9987,11982,10715,11882,9966,11885,13505
16175,13887,14920,14919,13886,14918,14921,13883,14936,14928,13884
16179,15080,15086,15081,15078,15089,15079,15087,15090,,
16206,13933,13825,13880,13836,13827,13879,13877,13829,13828,
16213,16233,,,,,,,,,
16236,16259,16267,16265,16260,16263,16268,16270,16262,16257,16245
16268,,,,,,,,,,
16279,,,,,,,,,,
16287,11208,11201,11936,11938,9664,11879,11205,11206,11988,9718
16290,12223,12224,11999,12002,13503,12000,9866,13514,9860,11988
16291,11988,10129,11998,10007,11982,12236,11936,9763,12225,12224
16320,11195,11149,11207,11203,11074,12127,9664,11209,10007,10049
16348,13886,14918,14920,14921,14923,14926,14931,14919,14936,13887
16360,18930,18928,18921,18914,18929,18926,18925,18931,18932,10007
16378,10200,11531,10199,9869,10194,10197,,,,
16381,13885,14926,13886,13887,14919,13826,14920,13882,13829,13819
16394,13883,13884,13886,13885,14918,13887,14920,14919,14926,14923
16423,11987,,,,,,,,,
16424,12236,12243,12993,12225,11879,9664,13505,9987,10007,
16431,13887,14920,14918,14926,14919,14928,14931,14923,14921,14936
16452,10123,12236,10129,10502,11938,10275,11204,10583,11201,10209
16456,14941,14940,14948,14943,14947,14946,14942,,,
16465,18914,18913,18933,10010,11982,12111,18919,18915,18930,18917
16466,14438,14437,14443,14363,14754,,,,,
16472,11204,10502,12138,10262,11201,11988,12241,11938,11891,13505
16502,14935,14937,14938,14941,14939,14946,14947,14944,14943,14936
16545,11208,11988,11936,11201,11938,9664,11205,11199,9763,12199
16570,13886,13883,13885,14919,13887,14929,13884,14918,13827,14920
16573,10502,9718,11987,12243,15828,11988,11201,9637,10721,9376
16634,12243,13505,13503,11988,10721,12236,11982,13504,11881,10010
16665,11352,11149,11063,11560,9376,12691,11072,10721,10952,12243
16739,11938,12236,12243,,,,,,,
16749,13503,18912,10656,10583,10010,9860,9763,9664,12286,10007
16758,13886,13883,13885,13884,13879,14871,13821,13874,13819,13887
16781,16519,16521,16522,16525,16527,16520,16524,16523,16529,16541
16783,12763,12644,12721,11295,12217,12662,12862,12673,12732,11204
16801,9637,10463,10721,11882,10587,11879,12108,9664,11988,10533
16808,12117,12199,10129,10007,11938,12243,12119,12200,12223,
16825,15077,15076,15073,15079,15081,,,,,
16837,16523,16512,16527,16528,16513,,,,,
16840,13885,13886,14926,14918,14919,13887,14920,14923,13882,13883
16858,14937,14938,14945,14941,14944,14943,14939,14946,14942,14919
16880,,,,,,,,,,
